amarela	amarelo+A+F+SG
amarelão	amarelo+A+AUG+M+SG
amarelãozinho	amarelo+A+AUG+DIM+M+SG
amarelas	amarelo+A+F+PL
amarelazinha	amarelo+A+DIM+F+SG
amarelazinhas	amarelo+A+DIM+F+PL
amarelinha	amarelo+A+DIM+F+SG
amarelinhas	amarelo+A+DIM+F+PL
amarelinho	amarelo+A+DIM+M+SG
amarelinhos	amarelo+A+DIM+M+PL
amarelíssima	amarelo+A+SUPER+F+SG
amarelíssimas	amarelo+A+SUPER+F+PL
amarelíssimo	amarelo+A+SUPER+M+SG
amarelíssimos	amarelo+A+SUPER+M+PL
amarelita	amarelo+A+DIM+F+SG
amarelitas	amarelo+A+DIM+F+PL
amarelito	amarelo+A+DIM+M+SG
amarelitos	amarelo+A+DIM+M+PL
amarelo	amarelo+A+M+SG
amarelões	amarelo+A+AUG+M+PL
amarelõezinhos	amarelo+A+AUG+DIM+M+PL
amarelona	amarelo+A+AUG+F+SG
amarelonas	amarelo+A+AUG+F+PL
amarelonazinha	amarelo+A+AUG+DIM+F+SG
amarelonazinhas	amarelo+A+AUG+DIM+F+PL
amareloninha	amarelo+A+AUG+DIM+F+SG
amareloninhas	amarelo+A+AUG+DIM+F+PL
amarelos	amarelo+A+M+PL
amarelozinho	amarelo+A+DIM+M+SG
amarelozinhos	amarelo+A+DIM+M+PL
anã	anão+A+F+SG
anão	anão+A+M+SG
anãos	anão+A+M+PL
anãozinho	anão+A+DIM+M+SG
anãozinhos	anão+A+DIM+M+PL
anãs	anão+A+F+PL
anãzinha	anão+A+DIM+F+SG
anãzinhas	anão+A+DIM+F+PL
anões	anão+A+M+PL
anõezinhos	anão+A+DIM+M+PL
beirã	beirão+A+F+SG
beirão	beirão+A+M+SG
beirãozinho	beirão+A+DIM+M+SG
beirãs	beirão+A+F+PL
beirãzinha	beirão+A+DIM+F+SG
beirãzinhas	beirão+A+DIM+F+PL
beiroa	beirão+A+F+SG
beiroas	beirão+A+F+PL
beiroazinha	beirão+A+DIM+F+SG
beiroazinhas	beirão+A+DIM+F+PL
beirões	beirão+A+M+PL
beirõezinhos	beirão+A+DIM+M+PL
beiroinha	beirão+A+DIM+F+SG
beiroinhas	beirão+A+DIM+F+PL
cã	cão+A+F+SG
cães	cão+A+M+PL
cãezinhos	cão+A+DIM+M+PL
cãezitos	cão+A+DIM+M+PL
canaz	cão+A+AUG+M+SG
canazes	cão+A+AUG+M+PL
canazezinhos	cão+A+AUG+DIM+M+PL
canazinho	cão+A+AUG+DIM+M+SG
canazinhos	cão+A+AUG+DIM+M+PL
canhol	cão+A+DIM+M+SG
canicalho	cão+A+DIM+M+SG
canicalhos	cão+A+DIM+M+PL
canicho	cão+A+DIM+M+SG
canichos	cão+A+DIM+M+PL
canito	cão+A+DIM+M+SG
canitos	cão+A+DIM+M+PL
canzarrão	cão+A+AUG+M+SG
canzarrãozinho	cão+A+AUG+DIM+M+SG
canzarrões	cão+A+AUG+M+PL
canzarrõezinhos	cão+A+AUG+DIM+M+PL
cão	cão+A+M+SG
cãos	cão+A+M+PL
cãozinho	cão+A+DIM+M+SG
cãozinhos	cão+A+DIM+M+PL
cãozito	cão+A+DIM+M+SG
cãs	cão+A+F+PL
catalã	catalão+A+F+SG
catalães	catalão+A+M+PL
catalãezinhos	catalão+A+DIM+M+PL
catalão	catalão+A+M+SG
catalãos	catalão+A+M+PL
catalãozinho	catalão+A+DIM+M+SG
catalãozinhos	catalão+A+DIM+M+PL
catalãs	catalão+A+F+PL
catalãzinha	catalão+A+DIM+F+SG
catalãzinhas	catalão+A+DIM+F+PL
catalões	catalão+A+M+PL
catalõezinhos	catalão+A+DIM+M+PL
cãzinha	cão+A+DIM+F+SG
cãzinhas	cão+A+DIM+F+PL
comum	comum+A+SG
comuníssima	comum+A+SUPER+F+SG
comuníssimas	comum+A+SUPER+F+PL
comuníssimo	comum+A+SUPER+M+SG
comuníssimos	comum+A+SUPER+M+PL
comuns	comum+A+PL
comunzinha	comum+A+DIM+F+SG
comunzinhas	comum+A+DIM+F+PL
comunzinho	comum+A+DIM+M+SG
comunzinhos	comum+A+DIM+M+PL
crua	cru+A+F+SG
cruas	cru+A+F+PL
cruazinha	cru+A+DIM+F+SG
cruazinhas	cru+A+DIM+F+PL
cru	cru+A+M+SG
cruinha	cru+A+DIM+F+SG
cruinhas	cru+A+DIM+F+PL
crus	cru+A+M+PL
cruzinho	cru+A+DIM+M+SG
cruzinhos	cru+A+DIM+M+PL
encantadora	encantador+A+F+SG
encantadoras	encantador+A+F+PL
encantadorazinha	encantador+A+DIM+F+SG
encantadorazinhas	encantador+A+DIM+F+PL
encantador	encantador+A+M+SG
encantadores	encantador+A+M+PL
encantadorezinhos	encantador+A+DIM+M+PL
encantadorinha	encantador+A+DIM+F+SG
encantadorinhas	encantador+A+DIM+F+PL
encantadorzinho	encantador+A+DIM+M+SG
encantadorzinhos	encantador+A+DIM+M+PL
europeia	europeu+A+F+SG
européia	europeu+A+F+SG
europeias	europeu+A+F+PL
européias	europeu+A+F+PL
europeiazinha	europeu+A+DIM+F+SG
europeiazinhas	europeu+A+DIM+F+PL
europeinha	europeu+A+DIM+F+SG
europeinhas	europeu+A+DIM+F+PL
europeu	europeu+A+M+SG
europeus	europeu+A+M+PL
europeuzinho	europeu+A+DIM+M+SG
europeuzinhos	europeu+A+DIM+M+PL
exemplares	exemplar+A+PL
exemplar	exemplar+A+SG
exemplarezinhas	exemplar+A+DIM+F+PL
exemplarezinhos	exemplar+A+DIM+M+PL
exemplarzinha	exemplar+A+DIM+F+SG
exemplarzinhas	exemplar+A+DIM+F+PL
exemplarzinho	exemplar+A+DIM+M+SG
exemplarzinhos	exemplar+A+DIM+M+PL
felicíssima	feliz+A+SUPER+F+SG
felicíssimas	feliz+A+SUPER+F+PL
felicíssimo	feliz+A+SUPER+M+SG
felicíssimos	feliz+A+SUPER+M+PL
felizão	feliz+A+AUG+M+SG
felizãozinho	feliz+A+AUG+DIM+M+SG
felizes	feliz+A+PL
felizezinhas	feliz+A+DIM+F+PL
felizezinhos	feliz+A+DIM+M+PL
feliz	feliz+A+SG
felizinha	feliz+A+DIM+F+SG
felizinhas	feliz+A+DIM+F+PL
felizinho	feliz+A+DIM+M+SG
felizinhos	feliz+A+DIM+M+PL
felizona	feliz+A+AUG+F+SG
felizonazinha	feliz+A+AUG+DIM+F+SG
felizoninha	feliz+A+AUG+DIM+F+SG
felizoninhas	feliz+A+AUG+DIM+F+PL
ferocíssima	feroz+A+SUPER+F+SG
ferocíssimas	feroz+A+SUPER+F+PL
ferocíssimo	feroz+A+SUPER+M+SG
ferocíssimos	feroz+A+SUPER+M+PL
ferozes	feroz+A+PL
ferozezinhas	feroz+A+DIM+F+PL
ferozezinhos	feroz+A+DIM+M+PL
feroz	feroz+A+SG
ferozinha	feroz+A+DIM+F+SG
ferozinhas	feroz+A+DIM+F+PL
ferozinho	feroz+A+DIM+M+SG
ferozinhos	feroz+A+DIM+M+PL
fidelíssima	fiel+A+SUPER+F+SG
fidelíssimas	fiel+A+SUPER+F+PL
fidelíssimo	fiel+A+SUPER+M+SG
fidelíssimos	fiel+A+SUPER+M+PL
fiéis	fiel+A+PL
fieizinhas	fiel+A+DIM+F+PL
fieizinhos	fiel+A+DIM+M+PL
fiel	fiel+A+SG
fielzinha	fiel+A+DIM+F+SG
fielzinho	fiel+A+DIM+M+SG
francesa	francês+A+F+SG
francesas	francês+A+F+PL
francesazinha	francês+A+DIM+F+SG
francesazinhas	francês+A+DIM+F+PL
franceses	francês+A+M+PL
francesezinhos	francês+A+DIM+M+PL
francês	francês+A+M+SG
francesinha	francês+A+DIM+F+SG
francesinhas	francês+A+DIM+F+PL
francesinho	francês+A+DIM+M+SG
francesinhos	francês+A+DIM+M+PL
hebreia	hebreu+A+F+SG
hebréia	hebreu+A+F+SG
hebreias	hebreu+A+F+PL
hebréias	hebreu+A+F+PL
hebreiazinha	hebreu+A+DIM+F+SG
hebreiazinhas	hebreu+A+DIM+F+PL
hebreinha	hebreu+A+DIM+F+SG
hebreinhas	hebreu+A+DIM+F+PL
hebreu	hebreu+A+M+SG
hebreus	hebreu+A+M+PL
hebreuzinho	hebreu+A+DIM+M+SG
hebreuzinhos	hebreu+A+DIM+M+PL
ilhéu	ilhéu+A+M+SG
ilhéus	ilhéu+A+M+PL
ilheuzinho	ilhéu+A+DIM+M+SG
ilheuzinhos	ilhéu+A+DIM+M+PL
ilhoa	ilhéu+A+F+SG
ilhoas	ilhéu+A+F+PL
ilhoazinha	ilhéu+A+DIM+F+SG
ilhoazinhas	ilhéu+A+DIM+F+PL
ilhoinha	ilhéu+A+DIM+F+SG
ilhoinhas	ilhéu+A+DIM+F+PL
inglesa	inglês+A+F+SG
inglesas	inglês+A+F+PL
inglesazinha	inglês+A+DIM+F+SG
inglesazinhas	inglês+A+DIM+F+PL
ingleses	inglês+A+M+PL
inglesezinhos	inglês+A+DIM+M+PL
inglês	inglês+A+M+SG
inglesinha	inglês+A+DIM+F+SG
inglesinhas	inglês+A+DIM+F+PL
inglesinho	inglês+A+DIM+M+SG
inglesinhos	inglês+A+DIM+M+PL
inteligente	inteligente+A+SG
inteligentes	inteligente+A+PL
inteligentezinha	inteligente+A+DIM+F+SG
inteligentezinhas	inteligente+A+DIM+F+PL
inteligentezinho	inteligente+A+DIM+M+SG
inteligentezinhos	inteligente+A+DIM+M+PL
inteligentinha	inteligente+A+DIM+F+SG
inteligentinhas	inteligente+A+DIM+F+PL
inteligentinho	inteligente+A+DIM+M+SG
inteligentinhos	inteligente+A+DIM+M+PL
inteligentíssima	inteligente+A+SUPER+F+SG
inteligentíssimas	inteligente+A+SUPER+F+PL
inteligentíssimo	inteligente+A+SUPER+M+SG
inteligentíssimos	inteligente+A+SUPER+M+PL
judeu	judeu+A+M+SG
judeus	judeu+A+M+PL
judeuzinho	judeu+A+DIM+M+SG
judeuzinhos	judeu+A+DIM+M+PL
judia	judeu+A+F+SG
judias	judeu+A+F+PL
judiazinha	judeu+A+DIM+F+SG
judiazinhas	judeu+A+DIM+F+PL
judinha	judeu+A+DIM+F+SG
judinhas	judeu+A+DIM+F+PL
nua	nu+A+F+SG
nuas	nu+A+F+PL
nuazinha	nu+A+DIM+F+SG
nuazinhas	nu+A+DIM+F+PL
nuazita	nu+A+DIM+F+SG
nuazitas	nu+A+DIM+F+PL
nuinha	nu+A+DIM+F+SG
nuinhas	nu+A+DIM+F+PL
nuinho	nu+A+DIM+M+SG
nuinhos	nu+A+DIM+M+PL
nuita	nu+A+DIM+F+SG
nuitas	nu+A+DIM+F+PL
nuito	nu+A+DIM+M+SG
nuitos	nu+A+DIM+M+PL
nu	nu+A+M+SG
nus	nu+A+M+PL
nuzinha	nu+A+DIM+F+SG
nuzinhas	nu+A+DIM+F+PL
nuzinho	nu+A+DIM+M+SG
nuzinhos	nu+A+DIM+M+PL
nuzita	nu+A+DIM+F+SG
nuzitas	nu+A+DIM+F+PL
nuzito	nu+A+DIM+M+SG
nuzitos	nu+A+DIM+M+PL
pequena	pequeno+A+F+SG
pequenas	pequeno+A+F+PL
pequenazinha	pequeno+A+DIM+F+SG
pequenazinhas	pequeno+A+DIM+F+PL
pequeninha	pequeno+A+DIM+F+SG
pequeninhas	pequeno+A+DIM+F+PL
pequeninho	pequeno+A+DIM+M+SG
pequeninhos	pequeno+A+DIM+M+PL
pequeníssima	pequeno+A+SUPER+F+SG
pequeníssimas	pequeno+A+SUPER+F+PL
pequeníssimo	pequeno+A+SUPER+M+SG
pequeníssimos	pequeno+A+SUPER+M+PL
pequenita	pequeno+A+DIM+F+SG
pequenitas	pequeno+A+DIM+F+PL
pequenito	pequeno+A+DIM+M+SG
pequenitos	pequeno+A+DIM+M+PL
pequeno	pequeno+A+M+SG
pequenos	pequeno+A+M+PL
pequenozinho	pequeno+A+DIM+M+SG
pequenozinhos	pequeno+A+DIM+M+PL
persa	persa+A+SG
persas	persa+A+PL
persazinha	persa+A+DIM+F+SG
persazinhas	persa+A+DIM+F+PL
persazinho	persa+A+DIM+M+SG
persazinhos	persa+A+DIM+M+PL
persinha	persa+A+DIM+F+SG
persinha	persa+A+DIM+M+SG
persinhas	persa+A+DIM+F+PL
persinhas	persa+A+DIM+M+PL
simplérrima	simples+A+SUPER+F+SG
simplérrimas	simples+A+SUPER+F+PL
simplérrimo	simples+A+SUPER+M+SG
simplérrimos	simples+A+SUPER+M+PL
simplesinha	simples+A+DIM+F+SG
simplesinhas	simples+A+DIM+F+PL
simplesinho	simples+A+DIM+M+SG
simplesinhos	simples+A+DIM+M+PL
simples	simples+A
simplicíssima	simples+A+SUPER+F+SG
simplicíssimas	simples+A+SUPER+F+PL
simplicíssimo	simples+A+SUPER+M+SG
simplicíssimos	simples+A+SUPER+M+PL
simplíssima	simples+A+SUPER+F+SG
simplíssimas	simples+A+SUPER+F+PL
simplíssimo	simples+A+SUPER+M+SG
simplíssimos	simples+A+SUPER+M+PL
trabalhadeiras	trabalhador+A+F+PL
trabalhadeira	trabalhador+A+F+SG
trabalhadeirazinhas	trabalhador+A+DIM+F+PL
trabalhadeirazinha	trabalhador+A+DIM+F+SG
trabalhadeirazitas	trabalhador+A+DIM+F+PL
trabalhadeirazita	trabalhador+A+DIM+F+SG
trabalhadeirinhas	trabalhador+A+DIM+F+PL
trabalhadeirinha	trabalhador+A+DIM+F+SG
trabalhadoras	trabalhador+A+F+PL
trabalhadora	trabalhador+A+F+SG
trabalhadorazinhas	trabalhador+A+DIM+F+PL
trabalhadorazinha	trabalhador+A+DIM+F+SG
trabalhadorazitas	trabalhador+A+DIM+F+PL
trabalhadorazita	trabalhador+A+DIM+F+SG
trabalhadores	trabalhador+A+M+PL
trabalhadorezinhos	trabalhador+A+DIM+M+PL
trabalhadorinhas	trabalhador+A+DIM+F+PL
trabalhadorinha	trabalhador+A+DIM+F+SG
trabalhador	trabalhador+A+M+SG
trabalhadorzinhos	trabalhador+A+DIM+M+PL
trabalhadorzinho	trabalhador+A+DIM+M+SG
trabalhadorzitos	trabalhador+A+DIM+M+PL
trabalhadorzito	trabalhador+A+DIM+M+SG
tristes	triste+A+PL
triste	triste+A+SG
tristezinhas	triste+A+DIM+F+PL
tristezinha	triste+A+DIM+F+SG
tristezinhos	triste+A+DIM+M+PL
tristezinho	triste+A+DIM+M+SG
tristinhas	triste+A+DIM+F+PL
tristinha	triste+A+DIM+F+SG
tristinhos	triste+A+DIM+M+PL
tristinho	triste+A+DIM+M+SG
tristíssimas	triste+A+SUPER+F+PL
tristíssima	triste+A+SUPER+F+SG
tristíssimos	triste+A+SUPER+M+PL
tristíssimo	triste+A+SUPER+M+SG
tristitas	triste+A+DIM+F+PL
tristita	triste+A+DIM+F+SG
tristitos	triste+A+DIM+M+PL
tristito	triste+A+DIM+M+SG
vermelhaças	vermelho+A+AUG+F+PL
vermelhaça	vermelho+A+AUG+F+SG
vermelhaçazinhas	vermelho+A+AUG+DIM+F+PL
vermelhaçazinha	vermelho+A+AUG+DIM+F+SG
vermelhacinhas	vermelho+A+AUG+DIM+F+PL
vermelhacinha	vermelho+A+AUG+DIM+F+SG
vermelhacinhos	vermelho+A+AUG+DIM+M+PL
vermelhacinho	vermelho+A+AUG+DIM+M+SG
vermelhaços	vermelho+A+AUG+M+PL
vermelhaço	vermelho+A+AUG+M+SG
vermelhaçozinhos	vermelho+A+AUG+DIM+M+PL
vermelhaçozinho	vermelho+A+AUG+DIM+M+SG
vermelhas	vermelho+A+F+PL
vermelha	vermelho+A+F+SG
vermelhazinhas	vermelho+A+DIM+F+PL
vermelhazinha	vermelho+A+DIM+F+SG
vermelhinhas	vermelho+A+DIM+F+PL
vermelhinha	vermelho+A+DIM+F+SG
vermelhinhos	vermelho+A+DIM+M+PL
vermelhinho	vermelho+A+DIM+M+SG
vermelhíssimas	vermelho+A+SUPER+F+PL
vermelhíssima	vermelho+A+SUPER+F+SG
vermelhíssimos	vermelho+A+SUPER+M+PL
vermelhíssimo	vermelho+A+SUPER+M+SG
vermelhitas	vermelho+A+DIM+F+PL
vermelhita	vermelho+A+DIM+F+SG
vermelhitos	vermelho+A+DIM+M+PL
vermelhito	vermelho+A+DIM+M+SG
vermelhos	vermelho+A+M+PL
vermelho	vermelho+A+M+SG
vermelhozinhos	vermelho+A+DIM+M+PL
vermelhozinho	vermelho+A+DIM+M+SG
